admin,other-commercial
aphilp66,other-commercial
clesueur,other-commercial
creece,other-commercial
cubewerx_usa,other-commercial
danmad78,other-commercial
democarl,other-commercial
donmck,other-commercial
dpra,other-commercial
dzimble,other-commercial
ekeighan,other-commercial
ESRI_admin,other-commercial
frank_m_roberts,other-commercial
georef,other-commercial
gercoh,other-commercial
gisuser,other-commercial
Hayakawa,other-commercial
hisashi,other-commercial
hurricane,other-commercial
jlundquist1955,other-commercial
lindsay,other-commercial
lymanj,other-commercial
Maponics,other-commercial
mark5705,other-commercial
marten,other-commercial
matke002,other-commercial
mhogeweg,other-commercial
mytopo.com,other-commercial
Neognathodus,other-commercial
nunatech,other-commercial
pbottenb,other-commercial
pinde111308,other-commercial
pinde22,other-commercial
PINDEFU,other-commercial
proyal,other-commercial
publisher,other-commercial
pvretano,other-commercial
seligma,other-commercial
yangwm,other-commercial
anthonya,west-sacramento-ca-local-government
lowguy,westlake-village-ca-local-government
gisintern,westchester-ny-local-government
moscow,westchester-ny-local-government
moscow1974,westchester-ny-local-government
wcgis2004,westchester-ny-local-government
jlandwehr,waukesha-wi-local-government
washoegis,washoe-nv-local-government
carter_vickery,wake-nc-local-government
bmaginot,volusia-fl-local-government
herb357,sarpy-ne-local-government
scruzcounty,santa-cruz-ca-local-government
rickrodr,san-jose-ca-local-government
jhofmockel,san-diego-ca-local-government
aacog,san-antonio-tx-local-government
ajonallred,salt-lake-city-ut-local-government
aimeedubois,saco-me-local-government
cdoolan,rockland-ny-local-government
vasupilla,riverside-ca-local-government
metro-drc,portland-or-local-government
jshelton,pend-oreille-wa-local-government
therschbach,palmer-ak-local-government
OremUTGIS,orem-ut-local-government
cfgis,orange-fl-local-government
mbourova,orange-fl-local-government
mschonlau,omaha-ne-local-government
groeckers,olympia-wa-local-government
bs6599,newport-news-city-va-local-government
NapaCountyGIS,napa-ca-local-government
MetroGIS,minneapolis-mn-local-government
nolson,milwaukee-wi-local-government
simolaur,mifflin-pa-local-government
markmurphy,manatee-fl-local-government
markgreninger,los-angeles-ca-local-government
NickFranchino,los-angeles-ca-local-government
huntsvillegis,huntsville-al-local-government
WUPPDR,houghton-mi-local-government
hcmetadata,hillsborough-fl-local-government
LC_GIS,helena-mt-local-government
jbpuckett,gwinnett-ga-local-government
TownOfGroton,groton-ct-local-government
bbarnell,greenwood-sc-local-government
bbarnell12,greenwood-sc-local-government
GallatinCountyGIS,gallatin-mt-local-government
EnterpriseGIS_FredCo,frederick-md-local-government
selhami,delaware-oh-local-government
mvrpc,dayton-oh-local-government
kleeson,cuyahoa-oh-local-government
bwheatley,charleston-sc-local-government
dtmartonis,cattaraugus-ny-local-government
broome,broome-ny-local-government
jhenderson,bozeman-mt-local-government
L.Haley,bloomington-in-local-government
dadams,baltimore-md-local-government
dcisson,arapahoe-co-local-government
bob_t1,alachua-fl-local-government
jsaligoe,state-of-indiana-non-profit
gerco67,redlands-ca-non-profit
CIRGIS,other-non-profit
data123,other-non-profit
kreed,other-non-profit
nipc,other-non-profit
pcvdanryan,other-non-profit
pgiencke,other-non-profit
smiller0124,other-non-profit
tsweet,other-non-profit
MAG,maricopa-az-non-profit
ramona,bel-air-md-non-profit
fbiasi,arlington-va-non-profit
coastwatch,other-ohter
Aguile_Delaz,other-other
ajdakota,other-other
AllanWright,other-other
alnhp,other-other
apwbe,other-other
aries04,other-other
avngr566,other-other
azmetanode,other-other
babyblue0914,other-other
beaverson,other-other
bronxlord,other-other
brunettep,other-other
cims,other-other
cive1em,other-other
ckohrt,other-other
coM3ta,other-other
cwfritz,other-other
daniballari,other-other
dannocahig,other-other
davidkirouac,other-other
davinci7,other-other
dgiordano,other-other
dhklein,other-other
digitalglobe2004,other-other
dirc_dirc,other-other
dlorenzini,other-other
dnrmetadata,other-other
dpmac66,other-other
dub43,other-other
dvyoung,other-other
dwunneburger,other-other
edmcnierney,other-other
eendrulat,other-other
gisClimateChange,other-other
gkx598,other-other
globexplorer,other-other
glongsworth,other-other
gmu,other-other
gosadmin,other-other
gwreid,other-other
hchoi,other-other
iai,other-other
inteller,other-other
jcothran,other-other
jdahlin,other-other
jed4167,other-other
jehaga,other-other
jerry.roy,other-other
jesposo,other-other
jhustler,other-other
jimbash,other-other
jimgrose,other-other
jkf715,other-other
joeabc,other-other
jplacy,other-other
jrikert,other-other
jvgriffis,other-other
K12Node,other-other
KevinMulligan,other-other
kwaters,other-other
LaBarbera,other-other
LabnetIndex,other-other
lauralynnkelly,other-other
lcabrera,other-other
legacy,other-other
lmoore,other-other
lovison,other-other
mapcontext,other-other
mbraymen,other-other
mdomarat,other-other
mercierj,other-other
metzger,other-other
mfwiltse66,other-other
mnre,other-other
molloy,other-other
msdeq,other-other
munigis,other-other
NASAULRAC,other-other
ncpc,other-other
npms,other-other
oaklandcounty,other-other
ocgi,other-other
PASDA,other-other
pdiaz,other-other
pixxures,other-other
Pratima,other-other
quayle,other-other
rhelz,other-other
rmemme,other-other
rmmcjjc,other-other
RRBDIN,other-other
RTSD,other-other
scigis,other-other
SEDAC,other-other
SIwebadmin,other-other
svinayagamoorthy,other-other
terrafly,other-other
Terrainpro,other-other
terrasip,other-other
tina_freeman,other-other
venu_456,other-other
vnrgc,other-other
weidu,other-other
wri,other-other
Zsolt,other-other
vaplanman,state-of-virginia-state-government
sharpie,state-of-vermont-state-government
mpeters,state-of-utah-state-government
tteaf,state-of-south-dakota-state-government
ridemgis,state-of-rhode-island-state-government
cxp7,state-of-pennsylvania-state-government
ccude,state-of-oregon-state-government
jsisco,state-of-oregon-state-government
oregongeo,state-of-oregon-state-government
mpsughru,state-of-oklahoma-state-government
oitogrip,state-of-ohio-state-government
tbaird1,state-of-ohio-state-government
bnutsch,state-of-north-dakota-state-government
cgia,state-of-north-carolina-state-government
lspeaker,state-of-north-carolina-state-government
nc1map,state-of-north-carolina-state-government
RLTorrijos,state-of-new-york-state-government
austagder,state-of-new-jersey-state-government
konopkae,state-of-new-jersey-state-government
catfish,state-of-montana-state-government
gdaumiller,state-of-montana-state-government
clinton.little,state-of-minnesota-state-government
lmic,state-of-minnesota-state-government
mndot,state-of-minnesota-state-government
mpca,state-of-minnesota-state-government
romaki,state-of-minnesota-state-government
sdlime,state-of-minnesota-state-government
afreeman,state-of-massachusetts-state-government
massczm,state-of-massachusetts-state-government
lagic,state-of-louisiana-state-government
kentanness,state-of-kentucky-state-government
ejabrams,state-of-iowa-state-government
igic,state-of-iowa-state-government
bodamerj,state-of-illinois-state-government
Airspeed,state-of-idaho-state-government
airspeed99,state-of-idaho-state-government
georgia_clearinghouse,state-of-georgia-state-government
FDEP,state-of-florida-state-government
mdmario,state-of-district-of-columbia-state-government
mike.mahaffie,state-of-delaware-state-government
cdwolfffgdc,state-of-california-state-government
rkunkel36,state-of-california-state-government
agio,state-of-arkansas-state-government
sco,state-of-arizona-state-government
asgdc,state-of-alaska-state-government
metaman,state-of-alaska-state-government
ppatterson,state-of-alabama-state-government
bethking,centre-pa-state-government
bljackson,plummer-id-tribal
521265,university-park-pa-university
4215348,university-park-pa-university
aeo130,university-park-pa-university
alex,university-park-pa-university
amf289,university-park-pa-university
bgou65,university-park-pa-university
bpliszka,university-park-pa-university
bryceb04,university-park-pa-university
djh336,university-park-pa-university
DJS1105,university-park-pa-university
ead185,university-park-pa-university
fieldsg,university-park-pa-university
jed294,university-park-pa-university
jesgould,university-park-pa-university
jkompanek,university-park-pa-university
lwiseley,university-park-pa-university
MJK,university-park-pa-university
mreil,university-park-pa-university
ngaudet,university-park-pa-university
njb4,university-park-pa-university
ruthann,university-park-pa-university
sfreytes,university-park-pa-university
skoda1,university-park-pa-university
smagar,university-park-pa-university
sprillaman,university-park-pa-university
stm174,university-park-pa-university
theutte,university-park-pa-university
dgeeraer,towson-md-university
ckoontz,tallahassee-fl-university
shodge,tallahassee-fl-university
bjordan_uw,seattle-wa-university
cdip,san-diego-ca-university
SDSU,san-diego-ca-university
sfalke,saint-louis-mo-university
duncanald,reno-nv-university
webekeit,pocatello-id-university
plesea,pasadena-ca-university
bfmercer,norman-ok-university
gyetman,new-york-ny-university
rdowns,new-york-ny-university
wvgis,morgantown-wv-university
mdsweet,missoula-mt-university
madhavsinghk,mississippi-state-ms-university
nhgis,minneapolis-mn-university
mrbdc,mankato-mn-university
wisclinc,madison-wi-university
knelson,lawrence-ks-university
joakleaf,laramie-wy-university
RIGISsouth,kingston-ri-university
kgjenkins,ithaca-ny-university
uah,huntsville-al-university
FGDL,gainesville-fl-university
liuliu,gainesville-fl-university
paullheinrich,flagstaff-az-university
lizhenlong,fairfax-virginia-university
reddy37,fairfax-virginia-university
cgrymes,fairfax-va-university
cyang3,fairfax-va-university
akbreezo,fairbanks-ak-university
UA_GINA,fairbanks-ak-university
FayRubin,durham-nh-university
deepseadawn59,corvallis-or-university
OregonSDE,corvallis-or-university
tfiez,corvallis-or-university
cast-net,columbia-sc-university
ginger69,columbia-sc-university
msdis,columbia-mo-university
FIRMS,college-park-md-university
luciumd,college-park-md-university
bgodfrey,coeur-dalene-idaho-university
cmaene,chicago-il-university
LUMCON,chauvin-la-university
maurerj,boulder-co-university
jrcermak3,anchorage-ak-university
kbene,albuquerque-nm-university
cmusialek,eop-white-house
SusanSullivan,va-om
kmcleroy,usda-nrcs
pfreich,usda-nrcs
snechero,usda-nrcs
NASS22030,usda-nass
kent.williams,usda-fsa
mshadley,usda-fsa
NAIP_update,usda-fsa
bkanalley,usda-fs
greeve,usda-fs
jaco500,usda-fas
bhicks,usda-aphis
tvamaps,tva
456118,ssa
jmcging,ssa
dnadeau,nasa
tstevens1979,nasa
wyang,nasa
Brettnara,nara
jsperling,hud
ColetteH,hhs-nih
TCohen,hhs-hrsa
dbrantley,hhs-cdc
danmelnick,hhs
cadparcel,fgdc
FGDC,fgdc
GOS_Wayne,fgdc
EPA_HARVEST,epa
sddsnces,ed
bts_gis,dot-fta
LSUGeographer,dot-faa
oevans,dot-faa
gapanalysis,doi-usgs
apjohnson,doi-usgs
bdwyer,doi-usgs
bellingson,doi-usgs
Biosteward,doi-usgs
bjfisher,doi-usgs
bjones,doi-usgs
burbanma,doi-usgs
catteam,doi-usgs
choong,doi-usgs
Clampitt,doi-usgs
crssp_gos,doi-usgs
cskinner,doi-usgs
dan_admin,doi-usgs
davegreenlee,doi-usgs
ddnebert,doi-usgs
DonnaMRoy,doi-usgs
dpolette,doi-usgs
dsandhaus,doi-usgs
dschenk,doi-usgs
dshughes,doi-usgs
ehlen,doi-usgs
eros_repo,doi-usgs
geoleaders,doi-usgs
gesch,doi-usgs
hhenkel,doi-usgs
hwolter,doi-usgs
jdcoles,doi-usgs
jmauck,doi-usgs
jmaxwell,doi-usgs
jmurphey,doi-usgs
jomalley,doi-usgs
jpdonnelly,doi-usgs
lanfear,doi-usgs
maberry,doi-usgs
mcooley,doi-usgs
mierardi,doi-usgs
nlbooth,doi-usgs
rdollison,doi-usgs
sfinn,doi-usgs
sneiers,doi-usgs
ssobie,doi-usgs
tfuller,doi-usgs
thaluska,doi-usgs
tsingh,doi-usgs
USGS_EROS_IADD,doi-usgs
USGSInfoBank,doi-usgs
USGS_National_Map,doi-usgs
USGS_NGTOC,doi-usgs
usgs_ngtoc_hqsp,doi-usgs
USGSPS,doi-usgs
VHutchison,doi-usgs
mtezel,doi-nps
datastore,doi-nps
deb_green_fws.gov,doi-fws
fwsgis,doi-fws
jsteffy,doi-fws
ctaylor67,doi-boe
MMS_MBB,doi-boe
cagismgr,doi-blm
gpyles,doi-blm
joshsisco,doi-blm
jreitsma,doi-blm
set76,doi-blm
RFPMoore,doi-bia
giri,doe-osti
pgray,doe-osti
lindsley,doe-eia
BPA_Portal,doe
DOE_GSPMO,doe
mccreedy,dod-navy
pateaston,dod-atl
krl,dod-army
sullivanc,dod-army
brugen,doc-noaa
cfenimore,doc-noaa
CLASS_meta,doc-noaa
emily.fergusson,doc-noaa
JBosch777,doc-noaa
kowens,doc-noaa
melissa,doc-noaa
NCDDC,doc-noaa
ncddc_bsg,doc-noaa
ngdc_meta,doc-noaa
NOAA,doc-noaa
NOAA_CoRIS,doc-noaa
NOAA_NODC,doc-noaa
noaanos,doc-noaa
NOAA_NOS,doc-noaa
NOAA_NOS2,doc-noaa
phersh2,doc-noaa
plgrimm,doc-noaa
PSMFCGIS,doc-noaa
census,doc-census
census2007_1,doc-census
census2007_2,doc-census
census2007_3,doc-census
census2007_4,doc-census
census2007_5,doc-census
census2007_6,doc-census
census2009_1,doc-census
census2009_2,doc-census
census2009_3,doc-census
census2009_4,doc-census
census2009_5,doc-census
census2009_6,doc-census
census2010,doc-census
fusar001,doc-census
CETC,dhs-uscg
FEMA_IER,dhs-fema
FEMA_MIP,dhs-fema
jomarmal,dhs-fema
mdomaratz,dhs-fema
thomas.mccarty,dhs
